﻿pos_x,pos_y,rotation,side,designator,mpn,pack,footprint,value,mount_type,place
114.7,-121.55,180.0,top,J1,,,PinHeader_1x02_P1.27mm_Vertical,Conn_01x02_Pin,tht,True
144.78,-121.92,-90.0,bottom,SW1,,,SW_PUSH_6mm_H7.3mm,SW_MEC_5E_DPR20,tht,True
119.38,-109.22,-90.0,bottom,SW10,,,SW_PUSH_6mm_H7.3mm,SW_MEC_5E_DPR20,tht,True
119.38,-121.92,-90.0,bottom,SW11,,,SW_PUSH_6mm_H7.3mm,SW_MEC_5E_DPR20,tht,True
144.78,-71.12,-90.0,bottom,SW12,,,SW_PUSH_6mm_H7.3mm,SW_MEC_5E_DPR20,tht,True
144.78,-83.82,-90.0,bottom,SW13,,,SW_PUSH_6mm_H7.3mm,SW_MEC_5E_DPR20,tht,True
132.08,-121.92,-90.0,bottom,SW14,,,SW_PUSH_6mm_H7.3mm,SW_MEC_5E_DPR20,tht,True
119.38,-71.12,-90.0,bottom,SW15,,,SW_PUSH_6mm_H7.3mm,SW_MEC_5E_DPR20,tht,True
144.78,-109.22,-90.0,bottom,SW2,,,SW_PUSH_6mm_H7.3mm,SW_MEC_5E_DPR20,tht,True
136.2,-115.57,90.0,bottom,SW3,,,SW_PUSH_6mm_H7.3mm,SW_MEC_5E_DPR20,tht,True
144.78,-96.52,-90.0,bottom,SW4,,,SW_PUSH_6mm_H7.3mm,SW_MEC_5E_DPR20,tht,True
136.2,-102.87,90.0,bottom,SW5,,,SW_PUSH_6mm_H7.3mm,SW_MEC_5E_DPR20,tht,True
135.89,-90.17,90.0,bottom,SW6,,,SW_PUSH_6mm_H7.3mm,SW_MEC_5E_DPR20,tht,True
132.08,-71.12,-90.0,bottom,SW7,,,SW_PUSH_6mm_H7.3mm,SW_MEC_5E_DPR20,tht,True
119.3,-83.82,-90.0,bottom,SW8,,,SW_PUSH_6mm_H7.3mm,SW_MEC_5E_DPR20,tht,True
119.888,-96.52,-90.0,bottom,SW9,,,SW_PUSH_6mm_H7.3mm,SW_MEC_5E_DPR20,tht,True
127.4,-97.245802,0.0,top,U1,,None,MODULE_ESP32-DEVKITC-32D,ESP32-DEVKITC-32D,tht,True
